release_date,time,actual,forcast,previous,year_,month_
"Oct 13, 2022 (Sep)",16:00,0.40%,0.20%,0.10%,2022,9
"Sep 13, 2022 (Aug)",17:00,0.10%,-0.10%,0.00%,2022,8
"Aug 10, 2022 (Jul)",17:00,0.00%,0.20%,1.30%,2022,7
"Jul 13, 2022 (Jun)",17:00,1.30%,1.10%,1.00%,2022,6
"Jun 10, 2022 (May)",17:00,1.00%,0.70%,0.30%,2022,5
"May 11, 2022 (Apr)",17:00,0.30%,0.20%,1.20%,2022,4
"Apr 12, 2022 (Mar)",17:00,1.20%,1.20%,0.80%,2022,3
"Mar 10, 2022 (Feb)",18:00,0.80%,0.80%,0.60%,2022,2
"Feb 10, 2022 (Jan)",18:00,0.60%,0.50%,0.60%,2022,1
"Jan 12, 2022 (Dec)",18:00,0.50%,0.40%,0.80%,2021,12
"Dec 10, 2021 (Nov)",18:00,0.80%,0.70%,0.90%,2021,11
"Nov 10, 2021 (Oct)",18:00,0.90%,0.60%,0.40%,2021,10
"Oct 13, 2021 (Sep)",17:00,0.40%,0.30%,0.30%,2021,9
"Sep 14, 2021 (Aug)",17:00,0.30%,0.40%,0.50%,2021,8
"Aug 11, 2021 (Jul)",17:00,0.50%,0.50%,0.90%,2021,7
"Jul 13, 2021 (Jun)",17:00,0.90%,0.50%,0.60%,2021,6
"Jun 10, 2021 (May)",17:00,0.60%,0.40%,0.80%,2021,5
"May 12, 2021 (Apr)",17:00,0.80%,0.20%,0.60%,2021,4
"Apr 13, 2021 (Mar)",17:00,0.60%,0.50%,0.40%,2021,3
"Mar 10, 2021 (Feb)",18:00,0.40%,0.40%,0.30%,2021,2
"Feb 10, 2021 (Jan)",18:00,0.30%,0.30%,0.20%,2021,1
"Jan 13, 2021 (Dec)",18:00,0.40%,0.40%,0.20%,2020,12
"Dec 10, 2020 (Nov)",18:00,0.20%,0.10%,0.20%,2020,11
"Nov 12, 2020 (Oct)",18:00,0.00%,0.10%,0.20%,2020,10
"Oct 13, 2020 (Sep)",17:00,0.20%,0.20%,0.40%,2020,9
"Sep 11, 2020 (Aug)",17:00,0.40%,0.30%,0.60%,2020,8
"Aug 12, 2020 (Jul)",17:00,0.60%,0.30%,0.60%,2020,7
"Jul 14, 2020 (Jun)",17:00,0.60%,0.50%,-0.10%,2020,6
"Jun 10, 2020 (May)",17:00,-0.10%,-0.10%,-0.80%,2020,5
"May 12, 2020 (Apr)",17:00,-0.80%,-0.80%,-0.40%,2020,4
"Apr 10, 2020 (Mar)",17:00,-0.40%,-0.30%,0.10%,2020,3
"Mar 11, 2020 (Feb)",17:00,0.10%,0.20%,0.10%,2020,2
"Feb 13, 2020 (Jan)",18:00,0.10%,0.20%,0.20%,2020,1
"Jan 14, 2020 (Dec)",18:00,0.20%,0.30%,0.30%,2019,12
"Dec 11, 2019 (Nov)",18:00,0.30%,0.20%,0.40%,2019,11
"Nov 13, 2019 (Oct)",18:00,0.40%,0.30%,0.10%,2019,10
"Oct 10, 2019 (Sep)",17:00,0.00%,0.10%,0.10%,2019,9
"Sep 12, 2019 (Aug)",17:00,0.10%,0.10%,0.30%,2019,8
"Aug 13, 2019 (Jul)",17:00,0.30%,0.30%,0.10%,2019,7
"Jul 11, 2019 (Jun)",17:00,0.10%,0.00%,0.10%,2019,6
"Jun 12, 2019 (May)",17:00,0.10%,0.10%,0.30%,2019,5
"May 10, 2019 (Apr)",17:00,0.30%,0.40%,0.40%,2019,4
"Apr 10, 2019 (Mar)",17:00,0.40%,0.30%,0.20%,2019,3
"Mar 12, 2019 (Feb)",17:00,0.20%,0.20%,0.00%,2019,2
"Feb 13, 2019 (Jan)",18:00,0.00%,0.10%,-0.10%,2019,1
"Jan 11, 2019 (Dec)",18:00,-0.10%,-0.10%,0.00%,2018,12
"Dec 12, 2018 (Nov)",18:00,0.00%,0.10%,0.30%,2018,11
"Nov 14, 2018 (Oct)",18:00,0.30%,0.30%,0.10%,2018,10
"Oct 11, 2018 (Sep)",17:00,0.10%,0.20%,0.20%,2018,9
"Sep 13, 2018 (Aug)",17:00,0.20%,0.30%,0.20%,2018,8
"Aug 10, 2018 (Jul)",17:00,0.20%,0.20%,0.10%,2018,7
"Jul 12, 2018 (Jun)",17:00,0.10%,0.20%,0.20%,2018,6
"Jun 12, 2018 (May)",17:00,0.20%,0.20%,0.20%,2018,5
"May 10, 2018 (Apr)",17:00,0.20%,0.30%,-0.10%,2018,4
"Apr 11, 2018 (Mar)",17:00,-0.10%,0.00%,0.20%,2018,3
"Mar 13, 2018 (Feb)",17:00,0.20%,0.20%,0.50%,2018,2
"Feb 14, 2018 (Jan)",18:00,0.50%,0.30%,0.20%,2018,1
"Jan 12, 2018 (Dec)",18:00,0.10%,0.20%,0.40%,2017,12
"Dec 13, 2017 (Nov)",18:00,0.40%,0.40%,0.10%,2017,11
"Nov 15, 2017 (Oct)",18:00,0.10%,0.10%,0.50%,2017,10
"Oct 13, 2017 (Sep)",17:00,0.50%,0.60%,0.40%,2017,9
"Sep 14, 2017 (Aug)",17:00,0.40%,0.30%,0.10%,2017,8
"Aug 11, 2017 (Jul)",17:00,0.10%,0.20%,0.00%,2017,7
"Jul 14, 2017 (Jun)",17:00,0.00%,0.10%,-0.10%,2017,6
"Jun 14, 2017 (May)",17:00,-0.10%,0.10%,0.20%,2017,5
"May 12, 2017 (Apr)",17:00,0.20%,0.20%,-0.30%,2017,4
"Apr 14, 2017 (Mar)",17:00,-0.30%,0.10%,0.10%,2017,3
"Mar 15, 2017 (Feb)",17:00,0.10%,0.10%,0.60%,2017,2
"Feb 15, 2017 (Jan)",18:00,0.60%,0.30%,0.30%,2017,1
"Jan 18, 2017 (Dec)",18:00,0.30%,0.30%,0.20%,2016,12
"Dec 15, 2016 (Nov)",18:00,0.20%,0.20%,0.40%,2016,11
"Nov 17, 2016 (Oct)",18:00,0.40%,0.40%,0.30%,2016,10
"Oct 18, 2016 (Sep)",17:00,0.30%,0.30%,0.20%,2016,9
"Sep 16, 2016 (Aug)",17:00,0.20%,0.10%,0.00%,2016,8
"Aug 16, 2016 (Jul)",17:00,0.00%,0.10%,0.20%,2016,7
"Jul 15, 2016 (Jun)",17:00,0.20%,0.30%,0.20%,2016,6
"Jun 16, 2016 (May)",17:00,0.20%,0.30%,0.40%,2016,5
"May 17, 2016 (Apr)",17:00,0.40%,0.30%,0.10%,2016,4
"Apr 14, 2016 (Mar)",17:00,0.10%,0.20%,-0.20%,2016,3
"Mar 16, 2016 (Feb)",17:00,-0.20%,-0.20%,0.00%,2016,2
"Feb 19, 2016 (Jan)",18:00,0.00%,-0.10%,-0.10%,2016,1
"Jan 20, 2016 (Dec)",18:00,-0.10%,0.00%,0.00%,2015,12
"Dec 15, 2015 (Nov)",18:00,0.00%,0.00%,0.20%,2015,11
"Nov 17, 2015 (Oct)",18:00,0.20%,0.20%,-0.20%,2015,10
"Oct 15, 2015 (Sep)",17:00,-0.20%,-0.20%,-0.10%,2015,9
"Sep 16, 2015 (Aug)",17:00,-0.10%,-0.10%,0.10%,2015,8
"Aug 19, 2015 (Jul)",17:00,0.10%,0.20%,0.30%,2015,7
"Jul 17, 2015 (Jun)",17:00,0.30%,0.30%,0.40%,2015,6
"Jun 18, 2015 (May)",17:00,0.40%,0.50%,0.10%,2015,5
"May 22, 2015 (Apr)",17:00,0.10%,0.10%,0.20%,2015,4
"Apr 17, 2015 (Mar)",17:00,0.20%,0.30%,0.20%,2015,3
"Mar 24, 2015 (Feb)",17:00,0.20%,0.20%,-0.70%,2015,2
"Feb 26, 2015 (Jan)",18:00,-0.70%,-0.60%,-0.40%,2015,1
"Jan 16, 2015 (Dec)",18:00,-0.40%,-0.40%,-0.30%,2014,12
"Dec 17, 2014 (Nov)",18:00,-0.30%,-0.10%,0.00%,2014,11
"Nov 20, 2014 (Oct)",18:00,0.00%,-0.10%,0.10%,2014,10
"Oct 22, 2014 (Sep)",17:00,0.10%,0.10%,-0.20%,2014,9
"Sep 17, 2014 (Aug)",17:00,-0.20%,0.10%,0.10%,2014,8
19-Aug-14,17:00,0.10%,0.10%,0.30%,2014,7
22-Jul-14,17:00,0.30%,0.30%,0.40%,2014,6
17-Jun-14,17:00,0.40%,0.20%,0.30%,2014,5
15-May-14,17:00,0.30%,0.30%,0.20%,2014,4
15-Apr-14,17:00,0.20%,0.10%,0.10%,2014,3
18-Mar-14,17:00,0.10%,0.10%,0.10%,2014,2
20-Feb-14,18:00,0.10%,0.10%,0.20%,2014,1
16-Jan-14,18:00,0.30%,0.30%,0.00%,2013,12
17-Dec-13,18:00,0.00%,0.10%,-0.10%,2013,11
20-Nov-13,18:00,-0.10%,0.10%,0.20%,2013,10
30-Oct-13,17:00,0.20%,0.20%,0.10%,2013,9
17-Sep-13,17:00,0.10%,0.20%,0.20%,2013,8
15-Aug-13,17:00,0.20%,0.20%,0.50%,2013,7
16-Jul-13,17:00,0.50%,0.30%,0.10%,2013,6
18-Jun-13,17:00,0.10%,0.20%,-0.40%,2013,5
16-May-13,17:00,-0.40%,-0.20%,-0.20%,2013,4
16-Apr-13,17:00,-0.20%,0.10%,0.70%,2013,3
15-Mar-13,17:00,0.70%,0.50%,0.00%,2013,2
21-Feb-13,18:00,0.00%,0.10%,0.00%,2013,1
16-Jan-13,18:00,0.00%,0.00%,-0.30%,2012,12
14-Dec-12,18:00,-0.30%,-0.20%,0.10%,2012,11
15-Nov-12,18:00,0.10%,0.10%,0.60%,2012,10
16-Oct-12,17:00,0.60%,0.50%,0.60%,2012,9
14-Sep-12,17:00,0.60%,0.50%,0.00%,2012,8
15-Aug-12,17:00,0.00%,0.20%,0.00%,2012,7
17-Jul-12,17:00,0.00%,-0.10%,-0.30%,2012,6
14-Jun-12,17:00,-0.30%,-0.20%,0.00%,2012,5
15-May-12,17:00,0.00%,0.10%,0.30%,2012,4
13-Apr-12,17:00,0.30%,0.30%,0.40%,2012,3
16-Mar-12,17:00,0.40%,0.40%,0.20%,2012,2
17-Feb-12,18:00,0.20%,0.30%,0.00%,2012,1
19-Jan-12,18:00,0.00%,0.20%,0.00%,2011,12
16-Dec-11,18:00,0.00%,0.10%,-0.10%,2011,11
16-Nov-11,18:00,-0.10%,0.00%,0.30%,2011,10
19-Oct-11,17:00,0.30%,0.30%,0.40%,2011,9
15-Sep-11,17:00,0.40%,0.20%,0.50%,2011,8
18-Aug-11,17:00,0.50%,0.20%,-0.20%,2011,7
15-Jul-11,17:00,-0.20%,-0.10%,0.20%,2011,6
15-Jun-11,17:00,0.20%,0.10%,0.40%,2011,5
13-May-11,17:00,0.40%,0.40%,0.50%,2011,4
15-Apr-11,17:00,0.50%,0.50%,0.50%,2011,3
17-Mar-11,17:00,0.50%,0.40%,0.40%,2011,2
17-Feb-11,18:00,0.40%,0.30%,0.40%,2011,1
14-Jan-11,18:00,0.50%,0.40%,0.10%,2010,12
15-Dec-10,18:00,0.10%,0.20%,0.20%,2010,11
17-Nov-10,18:00,0.20%,0.30%,0.10%,2010,10
15-Oct-10,17:00,0.10%,0.20%,0.30%,2010,9
17-Sep-10,17:00,0.30%,0.20%,0.30%,2010,8
13-Aug-10,17:00,0.30%,0.20%,-0.10%,2010,7
16-Jul-10,17:00,-0.10%,0.10%,-0.20%,2010,6
17-Jun-10,17:00,-0.20%,-0.20%,-0.10%,2010,5
19-May-10,17:00,-0.10%,0.20%,0.10%,2010,4
14-Apr-10,17:00,0.10%,0.10%,0.00%,2010,3
18-Mar-10,17:00,0.00%,0.10%,0.20%,2010,2
19-Feb-10,18:00,0.20%,0.30%,0.20%,2010,1
15-Jan-10,18:00,0.10%,0.20%,0.40%,2009,12
16-Dec-09,18:00,0.40%,0.40%,0.30%,2009,11
18-Nov-09,18:00,0.30%,0.20%,0.20%,2009,10
15-Oct-09,17:00,0.20%,0.20%,0.40%,2009,9
16-Sep-09,17:00,0.40%,0.40%,0.00%,2009,8
14-Aug-09,17:00,0.00%,0.00%,0.70%,2009,7
15-Jul-09,17:00,0.70%,0.60%,0.10%,2009,6
17-Jun-09,17:00,0.10%,0.30%,0.00%,2009,5
15-May-09,17:00,0.00%,0.00%,-0.10%,2009,4
15-Apr-09,17:00,-0.10%,0.10%,0.40%,2009,3
18-Mar-09,17:00,0.40%,0.30%,0.30%,2009,2
20-Feb-09,18:00,0.30%,0.20%,-0.70%,2009,1
16-Jan-09,18:00,-0.70%,-0.90%,-1.70%,2008,12
16-Dec-08,18:00,-1.70%,-1.20%,-1.00%,2008,11
19-Nov-08,18:00,-1.00%,-0.80%,0.00%,2008,10
16-Oct-08,17:00,0.00%,0.00%,-0.10%,2008,9
16-Sep-08,17:00,-0.10%,0.00%,0.80%,2008,8
14-Aug-08,17:00,0.80%,0.40%,1.10%,2008,7
16-Jul-08,17:00,1.10%,0.70%,0.60%,2008,6
13-Jun-08,17:00,0.60%,0.50%,0.20%,2008,5
14-May-08,18:00,0.20%,0.30%,0.30%,2008,4
16-Apr-08,17:00,0.30%,0.30%,0.00%,2008,3
14-Mar-08,17:00,0.00%,0.30%,0.40%,2008,2
"Feb 01, 2008 (Jan)",13:30,0.30%, ,0.30%,2008,1
"Jan 01, 2008 (Dec)",13:30,0.30%, ,0.80%,2007,12
"Dec 01, 2007 (Nov)",13:30,0.80%, ,0.30%,2007,11
"Nov 01, 2007 (Oct)",13:30,0.30%, ,0.40%,2007,10
"Oct 01, 2007 (Sep)",13:30,0.40%, ,0.00%,2007,9
"Sep 01, 2007 (Aug)",13:30,0.00%, ,0.20%,2007,8
"Aug 01, 2007 (Jul)",13:30,0.20%, ,0.20%,2007,7
"Jul 01, 2007 (Jun)",13:30,0.20%, ,0.40%,2007,6
"Jun 01, 2007 (May)",13:30,0.40%, ,0.30%,2007,5
"May 01, 2007 (Apr)",13:30,0.30%, ,0.50%,2007,4
"Apr 01, 2007 (Mar)",13:30,0.50%, ,0.40%,2007,3
"Mar 01, 2007 (Feb)",13:30,0.40%, ,0.20%,2007,2
"Feb 01, 2007 (Jan)",13:30,0.20%, ,0.50%,2007,1
"Jan 01, 2007 (Dec)",13:30,0.50%, ,0.00%,2006,12
"Dec 01, 2006 (Nov)",13:30,0.00%, ,-0.40%,2006,11
"Nov 01, 2006 (Oct)",13:30,-0.40%, ,-0.50%,2006,10
"Oct 01, 2006 (Sep)",13:30,-0.50%, ,0.40%,2006,9
"Sep 01, 2006 (Aug)",13:30,0.40%, ,0.50%,2006,8
"Aug 01, 2006 (Jul)",13:30,0.50%, ,0.20%,2006,7
"Jul 01, 2006 (Jun)",13:30,0.20%, ,0.30%,2006,6
"Jun 01, 2006 (May)",13:30,0.30%, ,0.50%,2006,5
"May 01, 2006 (Apr)",13:30,0.50%, ,0.20%,2006,4
"Apr 01, 2006 (Mar)",13:30,0.20%, ,0.10%,2006,3
"Mar 01, 2006 (Feb)",13:30,0.10%, ,0.60%,2006,2
"Feb 01, 2006 (Jan)",13:30,0.60%, ,0.00%,2006,1
"Jan 01, 2006 (Dec)",13:30,0.00%, ,-0.50%,2005,12
"Dec 01, 2005 (Nov)",13:30,-0.50%, ,0.20%,2005,11
"Nov 01, 2005 (Oct)",13:30,0.20%, ,1.40%,2005,10
"Oct 01, 2005 (Sep)",13:30,1.40%, ,0.60%,2005,9
"Sep 01, 2005 (Aug)",13:30,0.60%, ,0.60%,2005,8
"Aug 01, 2005 (Jul)",13:30,0.60%, ,0.10%,2005,7
"Jul 01, 2005 (Jun)",13:30,0.10%, ,-0.10%,2005,6
"Jun 01, 2005 (May)",13:30,-0.10%, ,0.30%,2005,5
"May 01, 2005 (Apr)",13:30,0.30%, ,0.40%,2005,4
"Apr 01, 2005 (Mar)",13:30,0.40%, ,0.40%,2005,3
"Mar 01, 2005 (Feb)",13:30,0.40%, ,-0.10%,2005,2
"Feb 01, 2005 (Jan)",13:30,-0.10%, ,0.00%,2005,1
"Jan 01, 2005 (Dec)",13:30,0.00%, ,0.50%,2004,12
"Dec 01, 2004 (Nov)",13:30,0.50%, ,0.50%,2004,11
"Nov 01, 2004 (Oct)",13:30,0.50%, ,0.30%,2004,10
"Oct 01, 2004 (Sep)",13:30,0.30%, ,0.10%,2004,9
"Sep 01, 2004 (Aug)",13:30,0.10%, ,0.10%,2004,8
"Aug 01, 2004 (Jul)",13:30,0.10%, ,0.40%,2004,7
"Jul 01, 2004 (Jun)",13:30,0.40%, ,0.40%,2004,6
"Jun 01, 2004 (May)",13:30,0.40%, ,0.20%,2004,5
"May 01, 2004 (Apr)",13:30,0.20%, ,0.20%,2004,4
"Apr 01, 2004 (Mar)",13:30,0.20%, ,0.20%,2004,3
"Mar 01, 2004 (Feb)",13:30,0.20%, ,0.40%,2004,2
"Feb 01, 2004 (Jan)",13:30,0.40%, ,0.30%,2004,1
"Jan 01, 2004 (Dec)",13:30,0.30%, ,0.10%,2003,12
"Dec 01, 2003 (Nov)",13:30,0.10%, ,-0.10%,2003,11
"Nov 01, 2003 (Oct)",13:30,-0.10%, ,0.30%,2003,10
"Oct 01, 2003 (Sep)",13:30,0.30%, ,0.40%,2003,9
"Sep 01, 2003 (Aug)",13:30,0.40%, ,0.30%,2003,8
"Aug 01, 2003 (Jul)",13:30,0.30%, ,0.10%,2003,7
"Jul 01, 2003 (Jun)",13:30,0.10%, ,-0.20%,2003,6
"Jun 01, 2003 (May)",13:30,-0.20%, ,-0.40%,2003,5
"May 01, 2003 (Apr)",13:30,-0.40%, ,0.20%,2003,4
"Apr 01, 2003 (Mar)",13:30,0.20%, ,0.50%,2003,3
"Mar 01, 2003 (Feb)",13:30,0.50%, ,0.40%,2003,2
"Feb 01, 2003 (Jan)",13:30,0.40%, ,0.20%,2003,1
"Jan 01, 2003 (Dec)",13:30,0.20%, ,0.20%,2002,12
"Dec 01, 2002 (Nov)",13:30,0.20%, ,0.20%,2002,11
"Nov 01, 2002 (Oct)",13:30,0.20%, ,0.20%,2002,10
"Oct 01, 2002 (Sep)",13:30,0.20%, ,0.30%,2002,9
"Sep 01, 2002 (Aug)",13:30,0.30%, ,0.20%,2002,8
"Aug 01, 2002 (Jul)",13:30,0.20%, ,0.10%,2002,7
"Jul 01, 2002 (Jun)",13:30,0.10%, ,0.10%,2002,6
"Jun 01, 2002 (May)",13:30,0.10%, ,0.40%,2002,5
"May 01, 2002 (Apr)",13:30,0.40%, ,0.30%,2002,4
"Apr 01, 2002 (Mar)",13:30,0.30%, ,0.20%,2002,3
"Mar 01, 2002 (Feb)",13:30,0.20%, ,0.20%,2002,2
"Feb 01, 2002 (Jan)",13:30,0.20%, ,-0.10%,2002,1
"Jan 01, 2002 (Dec)",13:30,-0.10%, ,-0.10%,2001,12
"Dec 01, 2001 (Nov)",13:30,-0.10%, ,-0.30%,2001,11
"Nov 01, 2001 (Oct)",13:30,-0.30%, ,0.40%,2001,10
"Oct 01, 2001 (Sep)",13:30,0.40%, ,0.00%,2001,9
"Sep 01, 2001 (Aug)",13:30,0.00%, ,-0.20%,2001,8
"Aug 01, 2001 (Jul)",13:30,-0.20%, ,0.20%,2001,7
"Jul 01, 2001 (Jun)",13:30,0.20%, ,0.50%,2001,6
"Jun 01, 2001 (May)",13:30,0.50%, ,0.20%,2001,5
"May 01, 2001 (Apr)",13:30,0.20%, ,0.10%,2001,4
"Apr 01, 2001 (Mar)",13:30,0.10%, ,0.20%,2001,3
"Mar 01, 2001 (Feb)",13:30,0.20%, ,0.60%,2001,2
"Feb 01, 2001 (Jan)",13:30,0.60%, ,0.20%,2001,1
"Jan 01, 2001 (Dec)",13:30,0.20%, ,0.20%,2000,12
"Dec 01, 2000 (Nov)",13:30,0.20%, ,0.20%,2000,11
"Nov 01, 2000 (Oct)",13:30,0.20%, ,0.50%,2000,10
"Oct 01, 2000 (Sep)",13:30,0.50%, ,0.00%,2000,9
"Sep 01, 2000 (Aug)",13:30,0.00%, ,0.30%,2000,8
"Aug 01, 2000 (Jul)",13:30,0.30%, ,0.60%,2000,7
"Jul 01, 2000 (Jun)",13:30,0.60%, ,0.20%,2000,6
"Jun 01, 2000 (May)",13:30,0.20%, ,-0.10%,2000,5
"May 01, 2000 (Apr)",13:30,-0.10%, ,0.60%,2000,4
"Apr 01, 2000 (Mar)",13:30,0.60%, ,0.40%,2000,3
"Mar 01, 2000 (Feb)",13:30,0.40%, ,0.30%,2000,2
"Feb 01, 2000 (Jan)",13:30,0.30%, ,0.20%,2000,1
"Jan 01, 2000 (Dec)",13:30,0.20%, ,0.20%,1999,12
"Dec 01, 1999 (Nov)",13:30,0.20%, ,0.20%,1999,11
"Nov 01, 1999 (Oct)",13:30,0.20%, ,0.40%,1999,10
"Oct 01, 1999 (Sep)",13:30,0.40%, ,0.20%,1999,9
"Sep 01, 1999 (Aug)",13:30,0.20%, ,0.40%,1999,8
"Aug 01, 1999 (Jul)",13:30,0.40%, ,0.00%,1999,7
"Jul 01, 1999 (Jun)",13:30,0.00%, ,0.10%,1999,6
"Jun 01, 1999 (May)",13:30,0.10%, ,0.70%,1999,5
"May 01, 1999 (Apr)",13:30,0.70%, ,0.10%,1999,4
"Apr 01, 1999 (Mar)",13:30,0.10%, ,0.00%,1999,3
"Mar 01, 1999 (Feb)",13:30,0.00%, ,0.20%,1999,2
"Feb 01, 1999 (Jan)",13:30,0.20%, ,0.20%,1999,1
"Jan 01, 1999 (Dec)",13:30,0.20%, ,0.10%,1998,12
"Dec 01, 1998 (Nov)",13:30,0.10%, ,0.20%,1998,11
"Nov 01, 1998 (Oct)",13:30,0.20%, ,0.10%,1998,10
"Oct 01, 1998 (Sep)",13:30,0.10%, ,0.10%,1998,9
"Sep 01, 1998 (Aug)",13:30,0.10%, ,0.20%,1998,8
"Aug 01, 1998 (Jul)",13:30,0.20%, ,0.10%,1998,7
"Jul 01, 1998 (Jun)",13:30,0.10%, ,0.20%,1998,6
"Jun 01, 1998 (May)",13:30,0.20%, ,0.10%,1998,5
"May 01, 1998 (Apr)",13:30,0.10%, ,0.00%,1998,4
"Apr 01, 1998 (Mar)",13:30,0.00%, ,0.00%,1998,3
"Mar 01, 1998 (Feb)",13:30,0.00%, ,0.10%,1998,2
"Feb 01, 1998 (Jan)",13:30,0.10%, ,0.10%,1998,1
"Jan 01, 1998 (Dec)",13:30,0.10%, ,0.10%,1997,12
"Dec 01, 1997 (Nov)",13:30,0.10%, ,0.20%,1997,11
"Nov 01, 1997 (Oct)",13:30,0.20%, ,0.20%,1997,10
"Oct 01, 1997 (Sep)",13:30,0.20%, ,0.20%,1997,9
"Sep 01, 1997 (Aug)",13:30,0.20%, ,0.10%,1997,8
"Aug 01, 1997 (Jul)",13:30,0.10%, ,0.20%,1997,7
"Jul 01, 1997 (Jun)",13:30,0.20%, ,0.00%,1997,6
"Jun 01, 1997 (May)",13:30,0.00%, ,0.10%,1997,5
"May 01, 1997 (Apr)",13:30,0.10%, ,0.10%,1997,4
"Apr 01, 1997 (Mar)",13:30,0.10%, ,0.20%,1997,3
"Mar 01, 1997 (Feb)",13:30,0.20%, ,0.20%,1997,2
"Feb 01, 1997 (Jan)",13:30,0.20%, ,0.30%,1997,1
"Jan 01, 1997 (Dec)",13:30,0.30%, ,0.30%,1996,12
"Dec 01, 1996 (Nov)",13:30,0.30%, ,0.30%,1996,11
"Nov 01, 1996 (Oct)",13:30,0.30%, ,0.30%,1996,10
"Oct 01, 1996 (Sep)",13:30,0.30%, ,0.10%,1996,9
"Sep 01, 1996 (Aug)",13:30,0.10%, ,0.20%,1996,8
"Aug 01, 1996 (Jul)",13:30,0.20%, ,0.20%,1996,7
"Jul 01, 1996 (Jun)",13:30,0.20%, ,0.20%,1996,6
"Jun 01, 1996 (May)",13:30,0.20%, ,0.40%,1996,5
"May 01, 1996 (Apr)",13:30,0.40%, ,0.30%,1996,4
"Apr 01, 1996 (Mar)",13:30,0.30%, ,0.20%,1996,3
"Mar 01, 1996 (Feb)",13:30,0.20%, ,0.50%,1996,2
"Feb 01, 1996 (Jan)",13:30,0.50%, ,0.10%,1996,1
"Jan 01, 1996 (Dec)",13:30,0.10%, ,0.10%,1995,12
"Dec 01, 1995 (Nov)",13:30,0.10%, ,0.30%,1995,11
"Nov 01, 1995 (Oct)",13:30,0.30%, ,0.10%,1995,10
"Oct 01, 1995 (Sep)",13:30,0.10%, ,0.20%,1995,9
"Sep 01, 1995 (Aug)",13:30,0.20%, ,0.10%,1995,8
"Aug 01, 1995 (Jul)",13:30,0.10%, ,0.20%,1995,7
"Jul 01, 1995 (Jun)",13:30,0.20%, ,0.20%,1995,6
"Jun 01, 1995 (May)",13:30,0.20%, ,0.40%,1995,5
"May 01, 1995 (Apr)",13:30,0.40%, ,0.20%,1995,4
"Apr 01, 1995 (Mar)",13:30,0.20%, ,0.30%,1995,3
"Mar 01, 1995 (Feb)",13:30,0.30%, ,0.30%,1995,2
"Feb 01, 1995 (Jan)",13:30,0.30%, ,0.20%,1995,1
"Jan 01, 1995 (Dec)",13:30,0.20%, ,0.30%,1994,12
"Dec 01, 1994 (Nov)",13:30,0.30%, ,0.10%,1994,11
"Nov 01, 1994 (Oct)",13:30,0.10%, ,0.20%,1994,10
"Oct 01, 1994 (Sep)",13:30,0.20%, ,0.40%,1994,9
"Sep 01, 1994 (Aug)",13:30,0.40%, ,0.30%,1994,8
"Aug 01, 1994 (Jul)",13:30,0.30%, ,0.30%,1994,7
"Jul 01, 1994 (Jun)",13:30,0.30%, ,0.20%,1994,6
"Jun 01, 1994 (May)",13:30,0.20%, ,0.10%,1994,5
"May 01, 1994 (Apr)",13:30,0.10%, ,0.30%,1994,4
"Apr 01, 1994 (Mar)",13:30,0.30%, ,0.30%,1994,3
"Mar 01, 1994 (Feb)",13:30,0.30%, ,0.00%,1994,2
"Feb 01, 1994 (Jan)",13:30,0.00%, ,0.20%,1994,1
"Jan 01, 1994 (Dec)",13:30,0.20%, ,0.30%,1993,12
"Dec 01, 1993 (Nov)",13:30,0.30%, ,0.40%,1993,11
"Nov 01, 1993 (Oct)",13:30,0.40%, ,0.10%,1993,10
"Oct 01, 1993 (Sep)",13:30,0.10%, ,0.20%,1993,9
"Sep 01, 1993 (Aug)",13:30,0.20%, ,0.10%,1993,8
"Aug 01, 1993 (Jul)",13:30,0.10%, ,0.10%,1993,7
"Jul 01, 1993 (Jun)",13:30,0.10%, ,0.30%,1993,6
"Jun 01, 1993 (May)",13:30,0.30%, ,0.30%,1993,5
"May 01, 1993 (Apr)",13:30,0.30%, ,0.10%,1993,4
"Apr 01, 1993 (Mar)",13:30,0.10%, ,0.20%,1993,3
"Mar 01, 1993 (Feb)",13:30,0.20%, ,0.40%,1993,2
"Feb 01, 1993 (Jan)",13:30,0.40%, ,0.10%,1993,1
"Jan 01, 1993 (Dec)",13:30,0.10%, ,0.30%,1992,12
"Dec 01, 1992 (Nov)",13:30,0.30%, ,0.40%,1992,11
"Nov 01, 1992 (Oct)",13:30,0.40%, ,0.20%,1992,10
"Oct 01, 1992 (Sep)",13:30,0.20%, ,0.20%,1992,9
"Sep 01, 1992 (Aug)",13:30,0.20%, ,0.30%,1992,8
"Aug 01, 1992 (Jul)",13:30,0.30%, ,0.30%,1992,7
"Jul 01, 1992 (Jun)",13:30,0.30%, ,0.20%,1992,6
"Jun 01, 1992 (May)",13:30,0.20%, ,0.20%,1992,5
"May 01, 1992 (Apr)",13:30,0.20%, ,0.40%,1992,4
"Apr 01, 1992 (Mar)",13:30,0.40%, ,0.20%,1992,3
"Mar 01, 1992 (Feb)",13:30,0.20%, ,0.10%,1992,2
"Feb 01, 1992 (Jan)",13:30,0.10%, ,0.30%,1992,1
"Jan 01, 1992 (Dec)",13:30,0.30%, ,0.40%,1991,12
"Dec 01, 1991 (Nov)",13:30,0.40%, ,0.10%,1991,11
"Nov 01, 1991 (Oct)",13:30,0.10%, ,0.30%,1991,10
"Oct 01, 1991 (Sep)",13:30,0.30%, ,0.30%,1991,9
"Sep 01, 1991 (Aug)",13:30,0.30%, ,0.10%,1991,8
"Aug 01, 1991 (Jul)",13:30,0.10%, ,0.30%,1991,7
"Jul 01, 1991 (Jun)",13:30,0.30%, ,0.40%,1991,6
"Jun 01, 1991 (May)",13:30,0.40%, ,0.20%,1991,5
"May 01, 1991 (Apr)",13:30,0.20%, ,0.00%,1991,4
"Apr 01, 1991 (Mar)",13:30,0.00%, ,0.10%,1991,3
"Mar 01, 1991 (Feb)",13:30,0.10%, ,0.40%,1991,2
"Feb 01, 1991 (Jan)",13:30,0.40%, ,0.40%,1991,1
"Jan 01, 1991 (Dec)",13:30,0.40%, ,0.20%,1990,12
"Dec 01, 1990 (Nov)",13:30,0.20%, ,0.70%,1990,11
"Nov 01, 1990 (Oct)",13:30,0.70%, ,0.70%,1990,10
"Oct 01, 1990 (Sep)",13:30,0.70%, ,0.80%,1990,9
"Sep 01, 1990 (Aug)",13:30,0.80%, ,0.50%,1990,8
"Aug 01, 1990 (Jul)",13:30,0.50%, ,0.60%,1990,7
"Jul 01, 1990 (Jun)",13:30,0.60%, ,0.20%,1990,6
"Jun 01, 1990 (May)",13:30,0.20%, ,0.20%,1990,5
"May 01, 1990 (Apr)",13:30,0.20%, ,0.50%,1990,4
"Apr 01, 1990 (Mar)",13:30,0.50%, ,0.40%,1990,3
"Mar 01, 1990 (Feb)",13:30,0.40%, ,1.00%,1990,2
"Feb 01, 1990 (Jan)",13:30,1.00%, ,0.30%,1990,1
"Jan 01, 1990 (Dec)",13:30,0.30%, ,0.40%,1989,12
"Dec 01, 1989 (Nov)",13:30,0.40%, ,0.50%,1989,11
"Nov 01, 1989 (Oct)",13:30,0.50%, ,0.20%,1989,10
"Oct 01, 1989 (Sep)",13:30,0.20%, ,0.00%,1989,9
"Sep 01, 1989 (Aug)",13:30,0.00%, ,0.30%,1989,8
"Aug 01, 1989 (Jul)",13:30,0.30%, ,0.30%,1989,7
"Jul 01, 1989 (Jun)",13:30,0.30%, ,0.50%,1989,6
"Jun 01, 1989 (May)",13:30,0.50%, ,0.70%,1989,5
"May 01, 1989 (Apr)",13:30,0.70%, ,0.50%,1989,4
"Apr 01, 1989 (Mar)",13:30,0.50%, ,0.30%,1989,3
"Mar 01, 1989 (Feb)",13:30,0.30%, ,0.40%,1989,2
"Feb 01, 1989 (Jan)",13:30,0.40%, ,0.30%,1989,1
"Jan 01, 1989 (Dec)",13:30,0.30%, ,0.30%,1988,12
"Dec 01, 1988 (Nov)",13:30,0.30%, ,0.30%,1988,11
"Nov 01, 1988 (Oct)",13:30,0.30%, ,0.40%,1988,10
"Oct 01, 1988 (Sep)",13:30,0.40%, ,0.40%,1988,9
"Sep 01, 1988 (Aug)",13:30,0.40%, ,0.40%,1988,8
"Aug 01, 1988 (Jul)",13:30,0.40%, ,0.40%,1988,7
"Jul 01, 1988 (Jun)",13:30,0.40%, ,0.30%,1988,6
"Jun 01, 1988 (May)",13:30,0.30%, ,0.60%,1988,5
"May 01, 1988 (Apr)",13:30,0.60%, ,0.30%,1988,4
"Apr 01, 1988 (Mar)",13:30,0.30%, ,0.20%,1988,3
"Mar 01, 1988 (Feb)",13:30,0.20%, ,0.30%,1988,2
"Feb 01, 1988 (Jan)",13:30,0.30%, ,0.20%,1988,1
"Jan 01, 1988 (Dec)",13:30,0.20%, ,0.30%,1987,12
"Dec 01, 1987 (Nov)",13:30,0.30%, ,0.30%,1987,11
"Nov 01, 1987 (Oct)",13:30,0.30%, ,0.30%,1987,10
"Oct 01, 1987 (Sep)",13:30,0.30%, ,0.40%,1987,9
"Sep 01, 1987 (Aug)",13:30,0.40%, ,0.30%,1987,8
"Aug 01, 1987 (Jul)",13:30,0.30%, ,0.40%,1987,7
"Jul 01, 1987 (Jun)",13:30,0.40%, ,0.30%,1987,6
"Jun 01, 1987 (May)",13:30,0.30%, ,0.40%,1987,5
"May 01, 1987 (Apr)",13:30,0.40%, ,0.40%,1987,4
"Apr 01, 1987 (Mar)",13:30,0.40%, ,0.40%,1987,3
"Mar 01, 1987 (Feb)",13:30,0.40%, ,0.50%,1987,2
"Feb 01, 1987 (Jan)",13:30,0.50%, ,0.40%,1987,1
"Jan 01, 1987 (Dec)",13:30,0.40%, ,0.20%,1986,12
"Dec 01, 1986 (Nov)",13:30,0.20%, ,0.20%,1986,11
"Nov 01, 1986 (Oct)",13:30,0.20%, ,0.40%,1986,10
"Oct 01, 1986 (Sep)",13:30,0.40%, ,0.10%,1986,9
"Sep 01, 1986 (Aug)",13:30,0.10%, ,0.10%,1986,8
"Aug 01, 1986 (Jul)",13:30,0.10%, ,0.40%,1986,7
"Jul 01, 1986 (Jun)",13:30,0.40%, ,0.30%,1986,6
"Jun 01, 1986 (May)",13:30,0.30%, ,-0.40%,1986,5
"May 01, 1986 (Apr)",13:30,-0.40%, ,-0.50%,1986,4
"Apr 01, 1986 (Mar)",13:30,-0.50%, ,-0.20%,1986,3
"Mar 01, 1986 (Feb)",13:30,-0.20%, ,0.40%,1986,2
"Feb 01, 1986 (Jan)",13:30,0.40%, ,0.50%,1986,1
"Jan 01, 1986 (Dec)",13:30,0.50%, ,0.50%,1985,12
"Dec 01, 1985 (Nov)",13:30,0.50%, ,0.40%,1985,11
"Nov 01, 1985 (Oct)",13:30,0.40%, ,0.20%,1985,10
"Oct 01, 1985 (Sep)",13:30,0.20%, ,0.20%,1985,9
"Sep 01, 1985 (Aug)",13:30,0.20%, ,0.20%,1985,8
"Aug 01, 1985 (Jul)",13:30,0.20%, ,0.30%,1985,7
"Jul 01, 1985 (Jun)",13:30,0.30%, ,0.20%,1985,6
"Jun 01, 1985 (May)",13:30,0.20%, ,0.20%,1985,5
"May 01, 1985 (Apr)",13:30,0.20%, ,0.50%,1985,4
"Apr 01, 1985 (Mar)",13:30,0.50%, ,0.60%,1985,3
"Mar 01, 1985 (Feb)",13:30,0.60%, ,0.20%,1985,2
"Feb 01, 1985 (Jan)",13:30,0.20%, ,0.20%,1985,1
"Jan 01, 1985 (Dec)",13:30,0.20%, ,0.20%,1984,12
"Dec 01, 1984 (Nov)",13:30,0.20%, ,0.40%,1984,11
"Nov 01, 1984 (Oct)",13:30,0.40%, ,0.30%,1984,10
"Oct 01, 1984 (Sep)",13:30,0.30%, ,0.30%,1984,9
"Sep 01, 1984 (Aug)",13:30,0.30%, ,0.40%,1984,8
"Aug 01, 1984 (Jul)",13:30,0.40%, ,0.20%,1984,7
"Jul 01, 1984 (Jun)",13:30,0.20%, ,0.20%,1984,6
"Jun 01, 1984 (May)",13:30,0.20%, ,0.40%,1984,5
"May 01, 1984 (Apr)",13:30,0.40%, ,0.30%,1984,4
"Apr 01, 1984 (Mar)",13:30,0.30%, ,0.50%,1984,3
"Mar 01, 1984 (Feb)",13:30,0.50%, ,0.70%,1984,2
"Feb 01, 1984 (Jan)",13:30,0.70%, ,0.30%,1984,1
"Jan 01, 1984 (Dec)",13:30,0.30%, ,0.30%,1983,12
"Dec 01, 1983 (Nov)",13:30,0.30%, ,0.40%,1983,11
"Nov 01, 1983 (Oct)",13:30,0.40%, ,0.30%,1983,10
"Oct 01, 1983 (Sep)",13:30,0.30%, ,0.30%,1983,9
"Sep 01, 1983 (Aug)",13:30,0.30%, ,0.40%,1983,8
"Aug 01, 1983 (Jul)",13:30,0.40%, ,0.20%,1983,7
"Jul 01, 1983 (Jun)",13:30,0.20%, ,0.40%,1983,6
"Jun 01, 1983 (May)",13:30,0.40%, ,0.70%,1983,5
"May 01, 1983 (Apr)",13:30,0.70%, ,0.10%,1983,4
"Apr 01, 1983 (Mar)",13:30,0.10%, ,0.10%,1983,3
"Mar 01, 1983 (Feb)",13:30,0.10%, ,0.20%,1983,2
"Feb 01, 1983 (Jan)",13:30,0.20%, ,-0.30%,1983,1
"Jan 01, 1983 (Dec)",13:30,-0.30%, ,-0.10%,1982,12
"Dec 01, 1982 (Nov)",13:30,-0.10%, ,0.40%,1982,11
"Nov 01, 1982 (Oct)",13:30,0.40%, ,0.00%,1982,10
"Oct 01, 1982 (Sep)",13:30,0.00%, ,0.20%,1982,9
"Sep 01, 1982 (Aug)",13:30,0.20%, ,0.50%,1982,8
"Aug 01, 1982 (Jul)",13:30,0.50%, ,1.10%,1982,7
"Jul 01, 1982 (Jun)",13:30,1.10%, ,0.90%,1982,6
"Jun 01, 1982 (May)",13:30,0.90%, ,0.30%,1982,5
"May 01, 1982 (Apr)",13:30,0.30%, ,0.00%,1982,4
"Apr 01, 1982 (Mar)",13:30,0.00%, ,0.30%,1982,3
"Mar 01, 1982 (Feb)",13:30,0.30%, ,0.30%,1982,2
"Feb 01, 1982 (Jan)",13:30,0.30%, ,0.30%,1982,1
"Jan 01, 1982 (Dec)",13:30,0.30%, ,0.40%,1981,12
"Dec 01, 1981 (Nov)",13:30,0.40%, ,0.30%,1981,11
"Nov 01, 1981 (Oct)",13:30,0.30%, ,1.00%,1981,10
"Oct 01, 1981 (Sep)",13:30,1.00%, ,0.80%,1981,9
"Sep 01, 1981 (Aug)",13:30,0.80%, ,1.10%,1981,8
"Aug 01, 1981 (Jul)",13:30,1.10%, ,0.90%,1981,7
"Jul 01, 1981 (Jun)",13:30,0.90%, ,0.70%,1981,6
"Jun 01, 1981 (May)",13:30,0.70%, ,0.60%,1981,5
"May 01, 1981 (Apr)",13:30,0.60%, ,0.70%,1981,4
"Apr 01, 1981 (Mar)",13:30,0.70%, ,0.90%,1981,3
"Mar 01, 1981 (Feb)",13:30,0.90%, ,0.90%,1981,2
"Feb 01, 1981 (Jan)",13:30,0.90%, ,0.90%,1981,1
"Jan 01, 1981 (Dec)",13:30,0.90%, ,1.10%,1980,12
"Dec 01, 1980 (Nov)",13:30,1.10%, ,1.00%,1980,11
"Nov 01, 1980 (Oct)",13:30,1.00%, ,0.80%,1980,10
"Oct 01, 1980 (Sep)",13:30,0.80%, ,0.70%,1980,9
"Sep 01, 1980 (Aug)",13:30,0.70%, ,0.10%,1980,8
"Aug 01, 1980 (Jul)",13:30,0.10%, ,1.00%,1980,7
"Jul 01, 1980 (Jun)",13:30,1.00%, ,1.00%,1980,6
"Jun 01, 1980 (May)",13:30,1.00%, ,1.00%,1980,5
"May 01, 1980 (Apr)",13:30,1.00%, ,1.40%,1980,4
"Apr 01, 1980 (Mar)",13:30,1.40%, ,1.30%,1980,3
"Mar 01, 1980 (Feb)",13:30,1.30%, ,1.40%,1980,2
"Feb 01, 1980 (Jan)",13:30,1.40%, ,1.20%,1980,1
"Jan 01, 1980 (Dec)",13:30,1.20%, ,1.10%,1979,12
"Dec 01, 1979 (Nov)",13:30,1.10%, ,1.10%,1979,11
"Nov 01, 1979 (Oct)",13:30,1.10%, ,0.90%,1979,10
"Oct 01, 1979 (Sep)",13:30,0.90%, ,1.00%,1979,9
"Sep 01, 1979 (Aug)",13:30,1.00%, ,1.10%,1979,8
"Aug 01, 1979 (Jul)",13:30,1.10%, ,1.10%,1979,7
"Jul 01, 1979 (Jun)",13:30,1.10%, ,1.10%,1979,6
"Jun 01, 1979 (May)",13:30,1.10%, ,1.00%,1979,5
"May 01, 1979 (Apr)",13:30,1.00%, ,1.00%,1979,4
"Apr 01, 1979 (Mar)",13:30,1.00%, ,1.00%,1979,3
"Mar 01, 1979 (Feb)",13:30,1.00%, ,0.90%,1979,2
"Feb 01, 1979 (Jan)",13:30,0.90%, ,0.60%,1979,1
"Jan 01, 1979 (Dec)",13:30,0.60%, ,0.60%,1978,12
"Dec 01, 1978 (Nov)",13:30,0.60%, ,0.90%,1978,11
"Nov 01, 1978 (Oct)",13:30,0.90%, ,0.90%,1978,10
"Oct 01, 1978 (Sep)",13:30,0.90%, ,0.60%,1978,9
"Sep 01, 1978 (Aug)",13:30,0.60%, ,0.80%,1978,8
"Aug 01, 1978 (Jul)",13:30,0.80%, ,0.80%,1978,7
"Jul 01, 1978 (Jun)",13:30,0.80%, ,0.90%,1978,6
"Jun 01, 1978 (May)",13:30,0.90%, ,0.80%,1978,5
"May 01, 1978 (Apr)",13:30,0.80%, ,0.60%,1978,4
"Apr 01, 1978 (Mar)",13:30,0.60%, ,0.50%,1978,3
"Mar 01, 1978 (Feb)",13:30,0.50%, ,0.60%,1978,2
"Feb 01, 1978 (Jan)",13:30,0.60%, ,0.50%,1978,1
"Jan 01, 1978 (Dec)",13:30,0.50%, ,0.60%,1977,12
"Dec 01, 1977 (Nov)",13:30,0.60%, ,0.50%,1977,11
"Nov 01, 1977 (Oct)",13:30,0.50%, ,0.30%,1977,10
"Oct 01, 1977 (Sep)",13:30,0.30%, ,0.50%,1977,9
"Sep 01, 1977 (Aug)",13:30,0.50%, ,0.50%,1977,8
"Aug 01, 1977 (Jul)",13:30,0.50%, ,0.50%,1977,7
"Jul 01, 1977 (Jun)",13:30,0.50%, ,0.30%,1977,6
"Jun 01, 1977 (May)",13:30,0.30%, ,0.70%,1977,5
"May 01, 1977 (Apr)",13:30,0.70%, ,0.50%,1977,4
"Apr 01, 1977 (Mar)",13:30,0.50%, ,1.00%,1977,3
"Mar 01, 1977 (Feb)",13:30,1.00%, ,0.50%,1977,2
"Feb 01, 1977 (Jan)",13:30,0.50%, ,0.50%,1977,1
"Jan 01, 1977 (Dec)",13:30,0.50%, ,0.30%,1976,12
"Dec 01, 1976 (Nov)",13:30,0.30%, ,0.50%,1976,11
"Nov 01, 1976 (Oct)",13:30,0.50%, ,0.50%,1976,10
"Oct 01, 1976 (Sep)",13:30,0.50%, ,0.50%,1976,9
"Sep 01, 1976 (Aug)",13:30,0.50%, ,0.50%,1976,8
"Aug 01, 1976 (Jul)",13:30,0.50%, ,0.50%,1976,7
"Jul 01, 1976 (Jun)",13:30,0.50%, ,0.50%,1976,6
"Jun 01, 1976 (May)",13:30,0.50%, ,0.20%,1976,5
"May 01, 1976 (Apr)",13:30,0.20%, ,0.20%,1976,4
"Apr 01, 1976 (Mar)",13:30,0.20%, ,0.20%,1976,3
"Mar 01, 1976 (Feb)",13:30,0.20%, ,0.40%,1976,2
"Feb 01, 1976 (Jan)",13:30,0.40%, ,0.50%,1976,1
"Jan 01, 1976 (Dec)",13:30,0.50%, ,0.70%,1975,12
"Dec 01, 1975 (Nov)",13:30,0.70%, ,0.50%,1975,11
"Nov 01, 1975 (Oct)",13:30,0.50%, ,0.70%,1975,10
"Oct 01, 1975 (Sep)",13:30,0.70%, ,0.40%,1975,9
"Sep 01, 1975 (Aug)",13:30,0.40%, ,0.90%,1975,8
"Aug 01, 1975 (Jul)",13:30,0.90%, ,0.80%,1975,7
"Jul 01, 1975 (Jun)",13:30,0.80%, ,0.20%,1975,6
"Jun 01, 1975 (May)",13:30,0.20%, ,0.40%,1975,5
"May 01, 1975 (Apr)",13:30,0.40%, ,0.40%,1975,4
"Apr 01, 1975 (Mar)",13:30,0.40%, ,0.60%,1975,3
"Mar 01, 1975 (Feb)",13:30,0.60%, ,0.80%,1975,2
"Feb 01, 1975 (Jan)",13:30,0.80%, ,0.80%,1975,1
"Jan 01, 1975 (Dec)",13:30,0.80%, ,1.00%,1974,12
"Dec 01, 1974 (Nov)",13:30,1.00%, ,0.80%,1974,11
"Nov 01, 1974 (Oct)",13:30,0.80%, ,1.40%,1974,10
"Oct 01, 1974 (Sep)",13:30,1.40%, ,1.20%,1974,9
"Sep 01, 1974 (Aug)",13:30,1.20%, ,0.60%,1974,8
"Aug 01, 1974 (Jul)",13:30,0.60%, ,0.80%,1974,7
"Jul 01, 1974 (Jun)",13:30,0.80%, ,1.00%,1974,6
"Jun 01, 1974 (May)",13:30,1.00%, ,0.60%,1974,5
"May 01, 1974 (Apr)",13:30,0.60%, ,1.10%,1974,4
"Apr 01, 1974 (Mar)",13:30,1.10%, ,1.10%,1974,3
"Mar 01, 1974 (Feb)",13:30,1.10%, ,1.10%,1974,2
"Feb 01, 1974 (Jan)",13:30,1.10%, ,0.90%,1974,1
"Jan 01, 1974 (Dec)",13:30,0.90%, ,0.70%,1973,12
"Dec 01, 1973 (Nov)",13:30,0.70%, ,0.90%,1973,11
"Nov 01, 1973 (Oct)",13:30,0.90%, ,0.40%,1973,10
"Oct 01, 1973 (Sep)",13:30,0.40%, ,1.80%,1973,9
"Sep 01, 1973 (Aug)",13:30,1.80%, ,0.00%,1973,8
"Aug 01, 1973 (Jul)",13:30,0.00%, ,0.70%,1973,7
"Jul 01, 1973 (Jun)",13:30,0.70%, ,0.50%,1973,6
"Jun 01, 1973 (May)",13:30,0.50%, ,0.70%,1973,5
"May 01, 1973 (Apr)",13:30,0.70%, ,0.90%,1973,4
"Apr 01, 1973 (Mar)",13:30,0.90%, ,0.70%,1973,3
"Mar 01, 1973 (Feb)",13:30,0.70%, ,0.50%,1973,2
"Feb 01, 1973 (Jan)",13:30,0.50%, ,0.20%,1973,1
"Jan 01, 1973 (Dec)",13:30,0.20%, ,0.50%,1972,12
"Dec 01, 1972 (Nov)",13:30,0.50%, ,0.20%,1972,11
"Nov 01, 1972 (Oct)",13:30,0.20%, ,0.50%,1972,10
"Oct 01, 1972 (Sep)",13:30,0.50%, ,0.20%,1972,9
"Sep 01, 1972 (Aug)",13:30,0.20%, ,0.20%,1972,8
"Aug 01, 1972 (Jul)",13:30,0.20%, ,0.20%,1972,7
"Jul 01, 1972 (Jun)",13:30,0.20%, ,0.20%,1972,6
"Jun 01, 1972 (May)",13:30,0.20%, ,0.20%,1972,5
"May 01, 1972 (Apr)",13:30,0.20%, ,0.00%,1972,4
"Apr 01, 1972 (Mar)",13:30,0.00%, ,0.50%,1972,3
"Mar 01, 1972 (Feb)",13:30,0.50%, ,0.20%,1972,2
"Feb 01, 1972 (Jan)",13:30,0.20%, ,0.20%,1972,1
"Jan 01, 1972 (Dec)",13:30,0.20%, ,0.20%,1971,12
"Dec 01, 1971 (Nov)",13:30,0.20%, ,0.20%,1971,11
"Nov 01, 1971 (Oct)",13:30,0.20%, ,0.20%,1971,10
"Oct 01, 1971 (Sep)",13:30,0.20%, ,0.20%,1971,9
"Sep 01, 1971 (Aug)",13:30,0.20%, ,0.20%,1971,8
"Aug 01, 1971 (Jul)",13:30,0.20%, ,0.50%,1971,7
"Jul 01, 1971 (Jun)",13:30,0.50%, ,0.50%,1971,6
"Jun 01, 1971 (May)",13:30,0.50%, ,0.20%,1971,5
"May 01, 1971 (Apr)",13:30,0.20%, ,0.30%,1971,4
"Apr 01, 1971 (Mar)",13:30,0.30%, ,0.00%,1971,3
"Mar 01, 1971 (Feb)",13:30,0.00%, ,0.30%,1971,2
"Feb 01, 1971 (Jan)",13:30,0.30%, ,0.50%,1971,1
"Jan 01, 1971 (Dec)",13:30,0.50%, ,0.50%,1970,12
"Dec 01, 1970 (Nov)",13:30,0.50%, ,0.50%,1970,11
"Nov 01, 1970 (Oct)",13:30,0.50%, ,0.50%,1970,10
"Oct 01, 1970 (Sep)",13:30,0.50%, ,0.30%,1970,9
"Sep 01, 1970 (Aug)",13:30,0.30%, ,0.30%,1970,8
"Aug 01, 1970 (Jul)",13:30,0.30%, ,0.50%,1970,7
"Jul 01, 1970 (Jun)",13:30,0.50%, ,0.30%,1970,6
"Jun 01, 1970 (May)",13:30,0.30%, ,0.50%,1970,5
"May 01, 1970 (Apr)",13:30,0.50%, ,0.50%,1970,4
"Apr 01, 1970 (Mar)",13:30,0.50%, ,0.50%,1970,3
"Mar 01, 1970 (Feb)",13:30,0.50%, ,0.50%,1970,2
"Feb 01, 1970 (Jan)",13:30,0.50%, ,0.50%,1970,1
"Jan 01, 1970 (Dec)",13:30,0.50%, , ,1969,12
